recid,fdouble1,fdouble2,fdouble3
pk_UnitTest_001,0.40557797165054066,0.535024933191625,0.623976820452986
pk_UnitTest_002,0.2124636370993358,0.43709737187543396,0.20485492664114902
pk_UnitTest_003,0.4961598268973323,0.4299273482786795,0.5762480972020674
